,KMI,WMB
KMI,,0.10556291799156625
WMB,0.10556291799156625,
