,AMD,AVGO,INTC,MU,NVDA,QCOM,TXN
AMD,,,,0.6097354138042979,0.685103688978606,,0.33950930153419673
AVGO,,,,0.7120594110985913,0.4413772527798168,0.18645645937507588,0.1458586355282976
INTC,,,,0.22125189028886738,,,0.20095101735718823
MU,0.6097354138042979,0.7120594110985913,0.22125189028886738,,0.2841875076402085,0.6745037529084164,0.42044831723545056
NVDA,0.685103688978606,0.4413772527798168,,0.2841875076402085,,0.3878082366890178,0.4817696246135311
QCOM,,0.18645645937507588,,0.6745037529084164,0.3878082366890178,,0.39967522325706994
TXN,0.33950930153419673,0.1458586355282976,0.20095101735718823,0.42044831723545056,0.4817696246135311,0.39967522325706994,
