,HAL,SLB
HAL,,0.1509678304013647
SLB,0.1509678304013647,
