,APD,ECL,LIN
APD,,0.10703275795456652,0.25023265854912297
ECL,0.10703275795456652,,0.5046492956962979
LIN,0.25023265854912297,0.5046492956962979,
