,CVX,XOM
CVX,,0.25984838840982327
XOM,0.25984838840982327,
