a,b,bucket,subcluster,corr,pval_fdr,alpha_train,beta_train,eg_pval_train,oos_nobs,adf_pval_spread_oos,mean_crossings_oos,abs_slope_oos,pass_oos_improved
EOG,FANG,energy,e&p,0.8181679768463508,0.010448273683512343,1.0027337060789627,0.7418212196211995,0.0006965515789008229,1020,0.2810593126317083,33,0.00014696847641546668,False
MA,V,financials,payments,0.8988602407586399,0.01933088977384619,-0.8775331582716901,1.2573515636895176,0.003866177954769238,1020,0.3164549681232629,29,0.00017720124431646776,False
CRM,NOW,tech,software,0.6962785603477115,0.0028917687845575833,2.7664729720356527,0.576451287032173,0.0028917687845575833,1020,0.06624849198526098,45,5.8348788333890976e-05,True
ADBE,CRM,tech,software,0.6727933266972458,0.0028917687845575833,-1.307826132154064,1.3857372539773782,0.002395802245931395,1020,0.5752275422179733,13,0.00084139280566827,False
ADBE,NOW,tech,software,0.6597647798030054,0.0028917687845575833,2.470503071636294,0.8136473832220309,0.002001811002426283,1020,0.6936106885756197,9,0.0007735006676201728,False
