,CF,MOS
CF,,0.8897351794795356
MOS,0.8897351794795356,
