a,b,bucket,subcluster,train_nobs,pval_fdr,eg_pval_train,beta_train,oos_nobs,adf_pval_spread_oos_rollingbeta,pass_oos
FCX,GOLD,commodities,miners,1528,0.019347929151686784,0.0012898619434457857,0.6933444735827854,1020,0.006401370072415317,True
EOG,FANG,energy,e&p,1528,0.010448273683512343,0.0006965515789008229,0.7418212196211995,1020,0.019372504825168863,True
V,MA,financials,payments,1528,0.021330525346774685,0.0035550875577957807,0.7919279445931375,1020,0.042547657314709345,True
CRM,NOW,tech,software,1528,0.0057835375691151665,0.0028917687845575833,0.576451287032173,1020,0.12215195296029419,False
CRM,ADBE,tech,software,1528,0.0057835375691151665,0.0020973535890802504,0.704357349089811,1020,0.12660318241269863,False
NOW,ADBE,tech,software,1528,0.0057835375691151665,0.0025885772493421007,1.2102557086736827,1020,0.21954694745881453,False
