,ADBE,CRM,NOW
ADBE,,0.002395802245931395,0.002001811002426283
CRM,0.002395802245931395,,0.0028917687845575833
NOW,0.002001811002426283,0.0028917687845575833,
