,NUE,STLD
NUE,,0.5075996921608555
STLD,0.5075996921608555,
