a,b,bucket,subcluster,corr,pval_fdr,alpha_train,beta_train,eg_pval_train,oos_nobs,adf_pval_spread_oos,mean_crossings_oos,abs_slope_oos,pass_oos_improved
CRM,NOW,tech,software,0.6962785603477115,0.0028917687845575833,2.7664729720356527,0.576451287032173,0.0028917687845575833,1020,0.06624849198526098,45,5.8348788333890976e-05,True
